Date,Product_ID,Category,Price,Promotion,Stock_Level,Customer_Ratings,Competitor_Price,Sales_Volume
2023-01-01,P001,Electronics,206.85,0,529,4.45,193.54,138
2023-01-01,P002,Electronics,338.23,0,466,4.76,346.23,175
2023-01-01,P003,Apparel,51.49,0,609,4.29,47.67,103
2023-01-01,P004,Apparel,73.24,0,560,4.27,72.95,140
2023-01-01,P005,Home Appliances,150.11,0,383,4.44,144.76,118
2023-01-01,P006,Home Appliances,242.13,0,315,4.58,234.23,127
2023-01-01,P007,Books,16.63,1,842,4.8,19.53,222
2023-01-01,P008,Books,28.94,0,777,4.78,28.43,113
2023-01-01,P009,Toys,40.38,0,615,4.21,38.96,108
2023-01-01,P010,Toys,57.38,0,690,4.5,54.29,146
2023-01-02,P001,Electronics,195.38,0,472,4.44,191.46,109
2023-01-02,P002,Electronics,313.78,1,410,4.67,335.24,155
2023-01-02,P003,Apparel,48.41,0,638,4.26,46.74,103
2023-01-02,P004,Apparel,74.83,0,551,4.38,71.6,108
2023-01-02,P005,Home Appliances,157.17,0,409,4.32,148.01,119
2023-01-02,P006,Home Appliances,217.34,1,352,4.63,245.87,160
2023-01-02,P007,Books,19.12,0,844,4.7,18.52,151
2023-01-02,P008,Books,28.77,0,704,4.76,29.41,137
2023-01-02,P009,Toys,31.45,1,610,4.29,39.05,213
2023-01-02,P010,Toys,47.37,1,667,4.55,54.17,176
2023-01-03,P001,Electronics,200.63,0,514,4.45,192.73,123
2023-01-03,P002,Electronics,362.58,0,493,4.76,332.96,109
2023-01-03,P003,Apparel,48.82,0,625,4.28,47.96,141
2023-01-03,P004,Apparel,71.31,0,550,4.35,72.91,132
2023-01-03,P005,Home Appliances,148.0,0,424,4.31,145.44,107
2023-01-03,P006,Home Appliances,197.59,1,379,4.69,238.93,204
2023-01-03,P007,Books,20.38,0,834,4.72,19.25,138
2023-01-03,P008,Books,30.49,0,702,4.7,28.7,132
2023-01-03,P009,Toys,41.14,0,668,4.33,37.03,106
2023-01-03,P010,Toys,55.7,0,667,4.6,51.59,123
2023-01-04,P001,Electronics,195.68,0,494,4.5,191.02,140
2023-01-04,P002,Electronics,355.55,0,401,4.68,341.53,116
2023-01-04,P003,Apparel,49.8,0,558,4.15,47.21,131
2023-01-04,P004,Apparel,60.09,1,547,4.29,71.11,182
2023-01-04,P005,Home Appliances,129.58,1,442,4.46,143.73,166
2023-01-04,P006,Home Appliances,204.81,1,322,4.54,245.46,181
2023-01-04,P007,Books,20.17,0,804,4.81,19.36,123
2023-01-04,P008,Books,24.53,1,774,4.73,29.77,206
2023-01-04,P009,Toys,40.18,0,685,4.32,37.53,99
2023-01-04,P010,Toys,57.51,0,681,4.46,53.18,121
2023-01-05,P001,Electronics,204.52,0,512,4.45,194.13,136
2023-01-05,P002,Electronics,311.95,1,408,4.76,336.06,209
2023-01-05,P003,Apparel,38.87,1,587,4.27,46.91,192
2023-01-05,P004,Apparel,76.92,0,578,4.39,73.4,114
2023-01-05,P005,Home Appliances,145.09,0,419,4.49,147.93,161
2023-01-05,P006,Home Appliances,248.47,0,368,4.66,233.19,150
2023-01-05,P007,Books,19.26,0,819,4.88,19.33,175
2023-01-05,P008,Books,31.34,0,708,4.63,28.44,144
2023-01-05,P009,Toys,41.33,0,669,4.26,38.63,124
2023-01-05,P010,Toys,54.09,0,738,4.57,52.79,129
2023-01-06,P001,Electronics,166.15,1,456,4.44,189.29,167
2023-01-06,P002,Electronics,348.46,0,471,4.63,333.94,130
2023-01-06,P003,Apparel,42.05,1,616,4.23,47.93,160
2023-01-06,P004,Apparel,74.24,0,582,4.38,72.2,144
2023-01-06,P005,Home Appliances,118.71,1,425,4.47,143.11,201
2023-01-06,P006,Home Appliances,244.84,0,302,4.68,236.66,155
2023-01-06,P007,Books,16.36,1,750,4.83,19.05,172
2023-01-06,P008,Books,31.08,0,741,4.8,28.33,139
2023-01-06,P009,Toys,33.95,1,667,4.3,37.23,185
2023-01-06,P010,Toys,57.38,0,685,4.51,54.55,146
2023-01-07,P001,Electronics,194.36,0,524,4.58,185.68,135
2023-01-07,P002,Electronics,322.5,1,451,4.73,330.43,175
2023-01-07,P003,Apparel,46.06,1,580,4.19,47.95,130
2023-01-07,P004,Apparel,72.67,0,583,4.26,73.53,152
2023-01-07,P005,Home Appliances,143.19,0,360,4.46,142.7,156
2023-01-07,P006,Home Appliances,251.2,0,335,4.65,233.8,155
2023-01-07,P007,Books,16.41,1,793,4.83,18.64,158
2023-01-07,P008,Books,29.23,0,702,4.68,28.79,115
2023-01-07,P009,Toys,41.2,0,622,4.33,37.21,118
2023-01-07,P010,Toys,48.83,1,705,4.49,51.76,153
2023-01-08,P001,Electronics,201.24,0,482,4.58,185.69,147
2023-01-08,P002,Electronics,353.5,0,491,4.72,330.87,146
2023-01-08,P003,Apparel,50.66,0,591,4.26,48.92,100
2023-01-08,P004,Apparel,78.35,0,596,4.31,71.47,98
2023-01-08,P005,Home Appliances,155.57,0,423,4.37,147.36,141
2023-01-08,P006,Home Appliances,258.68,0,310,4.62,245.91,123
2023-01-08,P007,Books,20.06,0,757,4.88,19.27,115
2023-01-08,P008,Books,29.64,0,702,4.73,29.27,130
2023-01-08,P009,Toys,34.38,1,637,4.32,37.52,187
2023-01-08,P010,Toys,54.39,0,740,4.59,52.33,140
2023-01-09,P001,Electronics,202.88,0,513,4.45,191.67,106
2023-01-09,P002,Electronics,332.56,0,462,4.78,331.21,147
2023-01-09,P003,Apparel,48.15,0,554,4.17,48.58,121
2023-01-09,P004,Apparel,76.17,0,600,4.36,72.04,136
2023-01-09,P005,Home Appliances,151.09,0,359,4.31,145.81,108
2023-01-09,P006,Home Appliances,251.32,0,394,4.5,240.64,149
2023-01-09,P007,Books,20.08,0,770,4.81,18.56,137
2023-01-09,P008,Books,25.57,1,707,4.71,28.57,154
2023-01-09,P009,Toys,40.61,0,604,4.28,38.24,104
2023-01-09,P010,Toys,57.23,0,674,4.46,51.99,101
2023-01-10,P001,Electronics,205.05,0,550,4.56,195.64,125
2023-01-10,P002,Electronics,300.3,1,415,4.6,330.12,177
2023-01-10,P003,Apparel,52.46,0,650,4.13,46.59,106
2023-01-10,P004,Apparel,77.82,0,538,4.35,73.0,103
2023-01-10,P005,Home Appliances,151.2,0,394,4.39,143.97,120
2023-01-10,P006,Home Appliances,238.21,0,304,4.62,245.8,157
2023-01-10,P007,Books,20.64,0,778,4.84,19.21,156
2023-01-10,P008,Books,30.83,0,778,4.78,29.16,155
2023-01-10,P009,Toys,40.02,0,651,4.33,36.88,139
2023-01-10,P010,Toys,48.26,1,710,4.55,52.64,153
2023-01-11,P001,Electronics,191.46,0,498,4.55,184.98,133
2023-01-11,P002,Electronics,353.71,0,493,4.74,331.59,113
2023-01-11,P003,Apparel,51.17,0,613,4.16,46.89,132
2023-01-11,P004,Apparel,75.58,0,517,4.26,71.23,136
2023-01-11,P005,Home Appliances,150.32,0,355,4.37,148.48,137
2023-01-11,P006,Home Appliances,221.68,1,307,4.68,244.84,158
2023-01-11,P007,Books,19.91,0,750,4.86,19.06,129
2023-01-11,P008,Books,29.85,0,733,4.63,29.34,160
2023-01-11,P009,Toys,38.06,0,671,4.25,38.6,123
2023-01-11,P010,Toys,47.26,1,716,4.48,53.18,216
2023-01-12,P001,Electronics,207.21,0,471,4.41,194.66,119
2023-01-12,P002,Electronics,360.25,0,485,4.68,345.35,109
2023-01-12,P003,Apparel,41.3,1,613,4.18,46.8,164
2023-01-12,P004,Apparel,74.53,0,561,4.25,73.43,122
2023-01-12,P005,Home Appliances,118.37,1,425,4.46,146.49,225
2023-01-12,P006,Home Appliances,261.12,0,376,4.51,246.28,108
2023-01-12,P007,Books,16.76,1,813,4.87,18.58,180
2023-01-12,P008,Books,26.01,1,737,4.7,28.96,154
2023-01-12,P009,Toys,41.18,0,607,4.38,37.05,115
2023-01-12,P010,Toys,53.58,0,696,4.6,52.67,116
2023-01-13,P001,Electronics,193.75,0,521,4.51,189.98,151
2023-01-13,P002,Electronics,351.23,0,440,4.66,338.78,149
2023-01-13,P003,Apparel,49.91,0,588,4.26,48.59,132
2023-01-13,P004,Apparel,64.07,1,519,4.33,73.84,185
2023-01-13,P005,Home Appliances,157.01,0,440,4.43,149.09,114
2023-01-13,P006,Home Appliances,231.81,1,371,4.52,241.54,146
2023-01-13,P007,Books,16.77,1,755,4.79,19.07,218
2023-01-13,P008,Books,30.69,0,776,4.76,28.46,122
2023-01-13,P009,Toys,41.47,0,677,4.32,37.51,114
2023-01-13,P010,Toys,56.99,0,735,4.48,52.08,134
2023-01-14,P001,Electronics,168.79,1,491,4.42,191.36,158
2023-01-14,P002,Electronics,306.04,1,408,4.72,335.38,202
2023-01-14,P003,Apparel,49.63,0,649,4.28,48.36,138
2023-01-14,P004,Apparel,67.91,1,557,4.34,71.58,157
2023-01-14,P005,Home Appliances,151.16,0,350,4.48,146.42,156
2023-01-14,P006,Home Appliances,241.83,0,368,4.66,245.52,129
2023-01-14,P007,Books,20.79,0,778,4.72,19.49,132
2023-01-14,P008,Books,24.77,1,732,4.67,29.02,214
2023-01-14,P009,Toys,38.16,0,690,4.29,38.34,143
2023-01-14,P010,Toys,46.53,1,708,4.56,52.16,160
2023-01-15,P001,Electronics,193.34,0,510,4.57,194.82,138
2023-01-15,P002,Electronics,314.48,1,495,4.78,336.01,199
2023-01-15,P003,Apparel,46.03,1,607,4.18,48.05,168
2023-01-15,P004,Apparel,71.81,0,507,4.22,72.28,133
2023-01-15,P005,Home Appliances,145.11,0,411,4.49,145.23,158
2023-01-15,P006,Home Appliances,252.21,0,392,4.69,245.97,154
2023-01-15,P007,Books,19.75,0,758,4.8,18.55,109
2023-01-15,P008,Books,29.82,0,719,4.67,29.7,115
2023-01-15,P009,Toys,38.35,0,650,4.29,37.87,103
2023-01-15,P010,Toys,43.3,1,674,4.48,53.37,173
2023-01-16,P001,Electronics,159.51,1,452,4.54,186.89,208
2023-01-16,P002,Electronics,360.07,0,500,4.8,341.6,137
2023-01-16,P003,Apparel,49.4,0,625,4.22,48.59,105
2023-01-16,P004,Apparel,63.91,1,600,4.22,70.44,153
2023-01-16,P005,Home Appliances,143.9,0,404,4.49,144.03,116
2023-01-16,P006,Home Appliances,244.59,0,375,4.54,241.31,131
2023-01-16,P007,Books,15.52,1,803,4.87,18.44,215
2023-01-16,P008,Books,26.55,1,702,4.65,28.27,174
2023-01-16,P009,Toys,39.57,0,629,4.25,37.04,139
2023-01-16,P010,Toys,55.43,0,685,4.49,53.91,128
2023-01-17,P001,Electronics,198.73,0,452,4.47,187.48,149
2023-01-17,P002,Electronics,291.49,1,468,4.78,339.86,189
2023-01-17,P003,Apparel,38.76,1,635,4.1,48.93,171
2023-01-17,P004,Apparel,72.54,0,580,4.39,72.47,151
2023-01-17,P005,Home Appliances,151.18,0,381,4.32,144.05,114
2023-01-17,P006,Home Appliances,253.99,0,350,4.61,241.96,155
2023-01-17,P007,Books,20.75,0,780,4.74,19.09,146
2023-01-17,P008,Books,30.25,0,732,4.68,28.92,112
2023-01-17,P009,Toys,41.02,0,605,4.32,39.01,133
2023-01-17,P010,Toys,53.65,0,707,4.58,52.4,139
2023-01-18,P001,Electronics,155.21,1,502,4.56,192.07,183
2023-01-18,P002,Electronics,363.56,0,425,4.69,343.95,113
2023-01-18,P003,Apparel,50.35,0,623,4.1,47.72,117
2023-01-18,P004,Apparel,77.08,0,559,4.4,70.99,110
2023-01-18,P005,Home Appliances,150.83,0,408,4.38,142.35,137
2023-01-18,P006,Home Appliances,215.3,1,300,4.62,233.36,174
2023-01-18,P007,Books,19.12,0,778,4.83,18.68,133
2023-01-18,P008,Books,29.99,0,726,4.76,29.51,162
2023-01-18,P009,Toys,35.11,1,608,4.35,37.63,185
2023-01-18,P010,Toys,54.72,0,710,4.45,54.14,111
2023-01-19,P001,Electronics,199.42,0,515,4.57,191.51,157
2023-01-19,P002,Electronics,341.08,0,430,4.64,346.92,157
2023-01-19,P003,Apparel,48.58,0,558,4.17,48.2,112
2023-01-19,P004,Apparel,74.5,0,507,4.22,74.1,104
2023-01-19,P005,Home Appliances,155.14,0,401,4.37,140.71,118
2023-01-19,P006,Home Appliances,247.28,0,383,4.6,236.56,148
2023-01-19,P007,Books,15.57,1,808,4.88,19.23,214
2023-01-19,P008,Books,24.97,1,733,4.72,29.33,218
2023-01-19,P009,Toys,39.16,0,685,4.33,36.88,142
2023-01-19,P010,Toys,55.03,0,673,4.42,54.58,115
2023-01-20,P001,Electronics,193.79,0,482,4.43,192.32,128
2023-01-20,P002,Electronics,341.43,0,471,4.73,340.57,152
2023-01-20,P003,Apparel,51.94,0,644,4.12,47.57,103
2023-01-20,P004,Apparel,62.32,1,539,4.32,70.56,147
2023-01-20,P005,Home Appliances,147.2,0,444,4.39,146.17,145
2023-01-20,P006,Home Appliances,248.87,0,318,4.63,246.36,129
2023-01-20,P007,Books,17.81,1,790,4.78,19.06,172
2023-01-20,P008,Books,30.55,0,712,4.7,28.19,141
2023-01-20,P009,Toys,39.93,0,692,4.39,38.67,122
2023-01-20,P010,Toys,54.48,0,740,4.41,52.88,110
2023-01-21,P001,Electronics,202.15,0,548,4.56,187.65,146
2023-01-21,P002,Electronics,334.31,0,413,4.7,345.52,156
2023-01-21,P003,Apparel,40.56,1,565,4.29,48.84,214
2023-01-21,P004,Apparel,71.52,0,523,4.26,72.13,128
2023-01-21,P005,Home Appliances,130.26,1,411,4.34,145.44,188
2023-01-21,P006,Home Appliances,255.68,0,386,4.53,244.93,113
2023-01-21,P007,Books,18.3,1,820,4.84,18.67,208
2023-01-21,P008,Books,27.72,1,778,4.72,28.19,153
2023-01-21,P009,Toys,32.39,1,664,4.21,37.13,204
2023-01-21,P010,Toys,57.4,0,741,4.58,54.16,116
2023-01-22,P001,Electronics,190.78,0,541,4.55,190.61,154
2023-01-22,P002,Electronics,305.15,1,466,4.77,339.82,185
2023-01-22,P003,Apparel,50.28,0,628,4.28,48.6,119
2023-01-22,P004,Apparel,72.93,0,508,4.31,72.14,151
2023-01-22,P005,Home Appliances,151.13,0,389,4.33,141.79,143
2023-01-22,P006,Home Appliances,244.77,0,361,4.67,240.0,130
2023-01-22,P007,Books,19.48,0,832,4.71,18.45,149
2023-01-22,P008,Books,31.17,0,728,4.72,28.97,109
2023-01-22,P009,Toys,34.16,1,662,4.21,37.44,195
2023-01-22,P010,Toys,52.57,0,716,4.55,51.77,112
2023-01-23,P001,Electronics,194.63,0,453,4.47,189.56,115
2023-01-23,P002,Electronics,350.02,0,420,4.72,339.71,153
2023-01-23,P003,Apparel,49.0,0,613,4.25,47.52,100
2023-01-23,P004,Apparel,71.49,0,551,4.26,70.32,113
2023-01-23,P005,Home Appliances,131.11,1,391,4.43,144.98,169
2023-01-23,P006,Home Appliances,240.23,0,341,4.69,240.34,141
2023-01-23,P007,Books,20.97,0,812,4.72,19.19,104
2023-01-23,P008,Books,25.96,1,785,4.75,29.8,217
2023-01-23,P009,Toys,38.98,0,698,4.3,37.28,143
2023-01-23,P010,Toys,54.49,0,735,4.46,51.66,152
2023-01-24,P001,Electronics,168.75,1,544,4.48,195.47,177
2023-01-24,P002,Electronics,301.95,1,416,4.63,340.37,166
2023-01-24,P003,Apparel,51.0,0,590,4.28,47.92,136
2023-01-24,P004,Apparel,65.65,1,504,4.25,70.19,154
2023-01-24,P005,Home Appliances,127.18,1,420,4.31,143.77,197
2023-01-24,P006,Home Appliances,210.18,1,398,4.63,238.68,225
2023-01-24,P007,Books,19.67,0,806,4.78,18.93,120
2023-01-24,P008,Books,30.94,0,786,4.8,29.31,154
2023-01-24,P009,Toys,38.83,0,654,4.32,38.15,114
2023-01-24,P010,Toys,52.74,0,681,4.59,51.94,147
2023-01-25,P001,Electronics,162.02,1,535,4.5,191.95,183
2023-01-25,P002,Electronics,344.82,0,427,4.79,345.35,164
2023-01-25,P003,Apparel,48.31,0,611,4.25,46.66,115
2023-01-25,P004,Apparel,68.28,1,592,4.26,70.94,182
2023-01-25,P005,Home Appliances,151.4,0,353,4.34,145.36,130
2023-01-25,P006,Home Appliances,239.16,0,380,4.54,240.04,146
2023-01-25,P007,Books,15.9,1,832,4.79,19.06,185
2023-01-25,P008,Books,25.95,1,710,4.78,29.12,217
2023-01-25,P009,Toys,38.73,0,608,4.23,38.67,145
2023-01-25,P010,Toys,56.67,0,655,4.53,51.79,129
2023-01-26,P001,Electronics,167.2,1,492,4.41,184.55,208
2023-01-26,P002,Electronics,278.37,1,427,4.64,340.13,243
2023-01-26,P003,Apparel,50.67,0,573,4.14,48.87,133
2023-01-26,P004,Apparel,65.09,1,583,4.35,72.02,165
2023-01-26,P005,Home Appliances,147.95,0,416,4.49,144.0,120
2023-01-26,P006,Home Appliances,213.5,1,357,4.53,243.01,184
2023-01-26,P007,Books,19.54,0,797,4.85,18.71,121
2023-01-26,P008,Books,29.43,0,771,4.71,29.5,144
2023-01-26,P009,Toys,39.5,0,666,4.38,37.64,128
2023-01-26,P010,Toys,52.56,0,691,4.49,52.97,116
2023-01-27,P001,Electronics,169.05,1,544,4.4,192.75,205
2023-01-27,P002,Electronics,338.47,0,492,4.72,346.85,160
2023-01-27,P003,Apparel,47.5,0,580,4.22,48.88,116
2023-01-27,P004,Apparel,75.14,0,510,4.33,71.95,135
2023-01-27,P005,Home Appliances,150.96,0,408,4.41,142.14,119
2023-01-27,P006,Home Appliances,244.97,0,364,4.57,237.78,144
2023-01-27,P007,Books,20.55,0,775,4.77,19.15,114
2023-01-27,P008,Books,26.54,1,746,4.64,28.66,153
2023-01-27,P009,Toys,38.11,0,693,4.28,38.89,113
2023-01-27,P010,Toys,56.18,0,671,4.58,53.49,123
2023-01-28,P001,Electronics,193.23,0,486,4.44,185.49,132
2023-01-28,P002,Electronics,306.7,1,454,4.67,337.06,160
2023-01-28,P003,Apparel,38.4,1,633,4.14,48.14,219
2023-01-28,P004,Apparel,67.18,1,574,4.22,72.33,178
2023-01-28,P005,Home Appliances,149.53,0,423,4.5,141.1,109
2023-01-28,P006,Home Appliances,230.81,1,363,4.59,246.21,175
2023-01-28,P007,Books,20.53,0,827,4.81,19.16,118
2023-01-28,P008,Books,29.36,0,707,4.76,29.18,156
2023-01-28,P009,Toys,39.3,0,634,4.38,38.47,138
2023-01-28,P010,Toys,52.64,0,726,4.42,53.85,146
2023-01-29,P001,Electronics,167.43,1,511,4.44,190.23,177
2023-01-29,P002,Electronics,286.81,1,476,4.69,345.78,219
2023-01-29,P003,Apparel,41.12,1,602,4.27,47.43,193
2023-01-29,P004,Apparel,75.77,0,535,4.32,73.89,115
2023-01-29,P005,Home Appliances,135.54,1,350,4.39,145.81,162
2023-01-29,P006,Home Appliances,220.19,1,346,4.66,235.59,176
2023-01-29,P007,Books,17.36,1,812,4.84,18.78,195
2023-01-29,P008,Books,30.44,0,762,4.8,29.43,147
2023-01-29,P009,Toys,32.0,1,622,4.37,37.31,212
2023-01-29,P010,Toys,49.39,1,740,4.44,54.14,172
2023-01-30,P001,Electronics,204.9,0,513,4.45,188.58,105
2023-01-30,P002,Electronics,366.6,0,437,4.75,348.98,139
2023-01-30,P003,Apparel,49.7,0,554,4.25,46.58,135
2023-01-30,P004,Apparel,74.52,0,594,4.28,72.34,121
2023-01-30,P005,Home Appliances,143.73,0,388,4.36,148.59,118
2023-01-30,P006,Home Appliances,261.93,0,391,4.54,237.52,99
2023-01-30,P007,Books,20.2,0,782,4.73,18.86,122
2023-01-30,P008,Books,31.41,0,769,4.76,28.66,154
2023-01-30,P009,Toys,33.95,1,616,4.22,37.99,163
2023-01-30,P010,Toys,42.21,1,724,4.45,51.5,156
2023-01-31,P001,Electronics,172.76,1,516,4.57,185.05,205
2023-01-31,P002,Electronics,305.15,1,408,4.76,348.56,191
2023-01-31,P003,Apparel,52.2,0,639,4.11,49.07,107
2023-01-31,P004,Apparel,61.62,1,546,4.22,70.85,209
2023-01-31,P005,Home Appliances,146.12,0,363,4.33,146.85,148
2023-01-31,P006,Home Appliances,260.59,0,361,4.58,241.08,113
2023-01-31,P007,Books,17.12,1,781,4.73,18.98,195
2023-01-31,P008,Books,30.0,0,714,4.74,28.29,148
2023-01-31,P009,Toys,40.99,0,645,4.21,37.01,101
2023-01-31,P010,Toys,53.38,0,710,4.44,53.88,124
2023-02-01,P001,Electronics,194.67,0,527,4.58,190.98,136
2023-02-01,P002,Electronics,349.38,0,491,4.74,335.62,159
2023-02-01,P003,Apparel,39.86,1,570,4.16,47.39,208
2023-02-01,P004,Apparel,78.55,0,539,4.28,70.28,115
2023-02-01,P005,Home Appliances,138.7,1,419,4.4,147.34,146
2023-02-01,P006,Home Appliances,242.66,0,391,4.59,233.67,121
2023-02-01,P007,Books,20.49,0,769,4.78,19.44,128
2023-02-01,P008,Books,23.53,1,748,4.78,29.61,179
2023-02-01,P009,Toys,41.46,0,674,4.35,38.2,102
2023-02-01,P010,Toys,55.31,0,676,4.42,54.14,147
2023-02-02,P001,Electronics,202.98,0,537,4.56,190.78,141
2023-02-02,P002,Electronics,294.33,1,411,4.76,341.53,201
2023-02-02,P003,Apparel,50.79,0,586,4.16,46.69,128
2023-02-02,P004,Apparel,71.5,0,507,4.21,70.51,120
2023-02-02,P005,Home Appliances,119.05,1,416,4.39,147.46,208
2023-02-02,P006,Home Appliances,251.42,0,319,4.66,234.2,146
2023-02-02,P007,Books,19.05,0,774,4.87,19.09,123
2023-02-02,P008,Books,30.97,0,748,4.71,29.02,121
2023-02-02,P009,Toys,40.63,0,604,4.21,38.23,112
2023-02-02,P010,Toys,53.29,0,702,4.59,53.28,119
2023-02-03,P001,Electronics,199.65,0,489,4.59,189.93,153
2023-02-03,P002,Electronics,284.89,1,412,4.64,345.21,190
2023-02-03,P003,Apparel,51.96,0,614,4.12,47.52,102
2023-02-03,P004,Apparel,58.85,1,600,4.23,70.34,176
2023-02-03,P005,Home Appliances,123.72,1,376,4.44,143.02,162
2023-02-03,P006,Home Appliances,192.81,1,400,4.64,236.24,190
2023-02-03,P007,Books,18.05,1,750,4.73,19.43,184
2023-02-03,P008,Books,29.63,0,711,4.71,28.79,135
2023-02-03,P009,Toys,38.53,0,619,4.37,38.15,116
2023-02-03,P010,Toys,46.78,1,733,4.4,52.0,193
2023-02-04,P001,Electronics,195.22,0,541,4.49,193.6,145
2023-02-04,P002,Electronics,357.68,0,427,4.62,336.66,118
2023-02-04,P003,Apparel,51.22,0,645,4.19,47.9,109
2023-02-04,P004,Apparel,71.63,0,530,4.38,72.47,142
2023-02-04,P005,Home Appliances,152.64,0,356,4.4,146.42,146
2023-02-04,P006,Home Appliances,202.79,1,335,4.55,241.59,221
2023-02-04,P007,Books,19.56,0,775,4.79,18.79,138
2023-02-04,P008,Books,26.51,1,767,4.62,28.98,218
2023-02-04,P009,Toys,39.21,0,687,4.24,37.12,139
2023-02-04,P010,Toys,56.7,0,660,4.42,54.3,114
2023-02-05,P001,Electronics,156.87,1,505,4.49,184.77,153
2023-02-05,P002,Electronics,357.39,0,437,4.68,331.69,129
2023-02-05,P003,Apparel,51.23,0,555,4.19,47.38,117
2023-02-05,P004,Apparel,69.11,1,599,4.32,72.03,167
2023-02-05,P005,Home Appliances,126.49,1,411,4.32,148.09,202
2023-02-05,P006,Home Appliances,202.45,1,353,4.66,240.5,165
2023-02-05,P007,Books,20.34,0,821,4.84,19.48,150
2023-02-05,P008,Books,31.03,0,776,4.75,28.55,143
2023-02-05,P009,Toys,40.64,0,629,4.39,37.73,128
2023-02-05,P010,Toys,52.93,0,692,4.59,54.22,124
2023-02-06,P001,Electronics,173.86,1,524,4.43,193.99,151
2023-02-06,P002,Electronics,335.98,0,447,4.79,337.89,137
2023-02-06,P003,Apparel,48.28,0,606,4.25,47.3,139
2023-02-06,P004,Apparel,62.57,1,570,4.37,71.24,171
2023-02-06,P005,Home Appliances,144.99,0,363,4.36,143.78,105
2023-02-06,P006,Home Appliances,192.48,1,336,4.62,234.41,175
2023-02-06,P007,Books,18.38,1,817,4.89,19.06,180
2023-02-06,P008,Books,29.99,0,720,4.63,29.64,131
2023-02-06,P009,Toys,38.17,0,633,4.31,36.87,141
2023-02-06,P010,Toys,55.52,0,662,4.4,52.45,129
2023-02-07,P001,Electronics,168.6,1,516,4.5,185.31,161
2023-02-07,P002,Electronics,365.48,0,409,4.64,336.56,138
2023-02-07,P003,Apparel,52.1,0,568,4.21,47.04,95
2023-02-07,P004,Apparel,61.58,1,523,4.2,71.01,198
2023-02-07,P005,Home Appliances,122.44,1,437,4.31,141.79,156
2023-02-07,P006,Home Appliances,232.14,1,380,4.57,234.95,156
2023-02-07,P007,Books,20.37,0,796,4.82,19.28,146
2023-02-07,P008,Books,26.68,1,749,4.61,29.1,182
2023-02-07,P009,Toys,39.55,0,684,4.23,38.18,134
2023-02-07,P010,Toys,52.57,0,711,4.46,52.9,143
2023-02-08,P001,Electronics,171.15,1,484,4.54,192.61,157
2023-02-08,P002,Electronics,348.65,0,451,4.74,344.17,167
2023-02-08,P003,Apparel,43.5,1,596,4.25,46.57,158
2023-02-08,P004,Apparel,75.92,0,552,4.25,73.02,103
2023-02-08,P005,Home Appliances,130.63,1,379,4.36,147.08,183
2023-02-08,P006,Home Appliances,206.67,1,311,4.54,238.18,223
2023-02-08,P007,Books,16.26,1,840,4.9,18.83,221
2023-02-08,P008,Books,26.03,1,719,4.66,28.76,191
2023-02-08,P009,Toys,38.52,0,621,4.36,37.29,101
2023-02-08,P010,Toys,56.79,0,664,4.45,51.72,134
2023-02-09,P001,Electronics,158.63,1,534,4.5,185.09,188
2023-02-09,P002,Electronics,351.6,0,420,4.75,342.46,139
2023-02-09,P003,Apparel,50.01,0,617,4.14,49.37,124
2023-02-09,P004,Apparel,59.39,1,552,4.26,73.2,197
2023-02-09,P005,Home Appliances,130.18,1,417,4.5,149.26,207
2023-02-09,P006,Home Appliances,253.7,0,392,4.54,236.81,141
2023-02-09,P007,Books,20.12,0,821,4.86,18.52,137
2023-02-09,P008,Books,29.49,0,755,4.8,28.92,120
2023-02-09,P009,Toys,32.24,1,617,4.22,38.78,210
2023-02-09,P010,Toys,52.53,0,705,4.47,54.14,134
2023-02-10,P001,Electronics,205.01,0,495,4.48,188.56,101
2023-02-10,P002,Electronics,367.19,0,444,4.76,333.74,140
2023-02-10,P003,Apparel,42.32,1,626,4.29,49.23,186
2023-02-10,P004,Apparel,63.08,1,589,4.38,72.5,165
2023-02-10,P005,Home Appliances,144.42,0,414,4.5,146.98,114
2023-02-10,P006,Home Appliances,243.16,0,313,4.58,239.78,109
2023-02-10,P007,Books,19.76,0,779,4.75,19.27,127
2023-02-10,P008,Books,28.79,0,738,4.65,29.43,119
2023-02-10,P009,Toys,40.92,0,604,4.23,37.16,137
2023-02-10,P010,Toys,44.83,1,663,4.44,54.16,216
2023-02-11,P001,Electronics,193.71,0,547,4.46,192.21,159
2023-02-11,P002,Electronics,283.2,1,464,4.63,337.72,223
2023-02-11,P003,Apparel,41.49,1,584,4.18,46.94,177
2023-02-11,P004,Apparel,75.24,0,576,4.23,73.55,147
2023-02-11,P005,Home Appliances,129.97,1,358,4.41,143.53,179
2023-02-11,P006,Home Appliances,256.34,0,310,4.59,241.79,142
2023-02-11,P007,Books,20.01,0,841,4.89,18.94,116
2023-02-11,P008,Books,25.97,1,739,4.8,28.41,160
2023-02-11,P009,Toys,38.78,0,618,4.34,38.0,132
2023-02-11,P010,Toys,48.4,1,742,4.43,51.67,159
2023-02-12,P001,Electronics,193.95,0,480,4.5,193.79,143
2023-02-12,P002,Electronics,359.48,0,471,4.72,345.97,155
2023-02-12,P003,Apparel,43.62,1,624,4.16,46.98,137
2023-02-12,P004,Apparel,60.26,1,582,4.2,73.49,220
2023-02-12,P005,Home Appliances,150.1,0,396,4.49,140.96,105
2023-02-12,P006,Home Appliances,259.78,0,392,4.55,241.9,139
2023-02-12,P007,Books,16.08,1,783,4.82,18.84,200
2023-02-12,P008,Books,25.86,1,800,4.61,28.42,194
2023-02-12,P009,Toys,34.44,1,678,4.36,37.59,160
2023-02-12,P010,Toys,56.59,0,679,4.42,52.46,120
2023-02-13,P001,Electronics,196.87,0,498,4.5,190.67,120
2023-02-13,P002,Electronics,339.81,0,460,4.63,334.84,151
2023-02-13,P003,Apparel,50.51,0,644,4.17,46.98,119
2023-02-13,P004,Apparel,72.72,0,522,4.29,70.24,119
2023-02-13,P005,Home Appliances,157.02,0,438,4.3,140.93,138
2023-02-13,P006,Home Appliances,254.16,0,313,4.66,239.73,129
2023-02-13,P007,Books,16.17,1,764,4.84,19.34,213
2023-02-13,P008,Books,25.52,1,734,4.71,29.29,183
2023-02-13,P009,Toys,41.52,0,617,4.23,36.96,115
2023-02-13,P010,Toys,54.22,0,698,4.52,52.8,131
2023-02-14,P001,Electronics,196.45,0,543,4.51,193.98,136
2023-02-14,P002,Electronics,354.93,0,424,4.79,336.09,163
2023-02-14,P003,Apparel,51.7,0,619,4.25,48.99,99
2023-02-14,P004,Apparel,77.73,0,575,4.34,70.66,124
2023-02-14,P005,Home Appliances,143.93,0,443,4.42,145.51,128
2023-02-14,P006,Home Appliances,241.95,0,344,4.55,233.04,148
2023-02-14,P007,Books,17.37,1,827,4.79,19.25,194
2023-02-14,P008,Books,30.91,0,712,4.75,28.61,144
2023-02-14,P009,Toys,32.5,1,660,4.3,38.02,164
2023-02-14,P010,Toys,47.98,1,714,4.45,53.13,202
2023-02-15,P001,Electronics,159.54,1,547,4.57,192.78,206
2023-02-15,P002,Electronics,354.38,0,422,4.65,335.79,148
2023-02-15,P003,Apparel,48.45,0,569,4.14,47.27,111
2023-02-15,P004,Apparel,75.52,0,557,4.36,73.9,140
2023-02-15,P005,Home Appliances,121.66,1,376,4.37,140.71,195
2023-02-15,P006,Home Appliances,198.42,1,324,4.54,244.88,193
2023-02-15,P007,Books,20.18,0,758,4.85,18.66,118
2023-02-15,P008,Books,29.92,0,721,4.62,28.6,109
2023-02-15,P009,Toys,40.72,0,692,4.31,38.16,133
2023-02-15,P010,Toys,46.66,1,714,4.44,51.92,151
2023-02-16,P001,Electronics,192.0,0,531,4.6,191.76,141
2023-02-16,P002,Electronics,336.03,0,486,4.7,349.88,127
2023-02-16,P003,Apparel,41.15,1,581,4.12,48.73,204
2023-02-16,P004,Apparel,71.98,0,505,4.2,70.26,106
2023-02-16,P005,Home Appliances,154.17,0,441,4.32,144.08,110
2023-02-16,P006,Home Appliances,246.12,0,319,4.54,236.52,146
2023-02-16,P007,Books,20.44,0,832,4.86,19.52,117
2023-02-16,P008,Books,28.87,0,711,4.68,28.89,143
2023-02-16,P009,Toys,35.24,1,660,4.39,37.01,198
2023-02-16,P010,Toys,56.98,0,696,4.56,52.74,132
2023-02-17,P001,Electronics,170.19,1,516,4.54,189.96,200
2023-02-17,P002,Electronics,355.79,0,439,4.76,338.52,130
2023-02-17,P003,Apparel,50.18,0,581,4.11,48.36,136
2023-02-17,P004,Apparel,77.16,0,562,4.25,73.41,140
2023-02-17,P005,Home Appliances,156.72,0,439,4.35,147.0,103
2023-02-17,P006,Home Appliances,249.32,0,390,4.65,233.71,144
2023-02-17,P007,Books,20.33,0,757,4.71,19.36,115
2023-02-17,P008,Books,29.35,0,734,4.73,29.68,115
2023-02-17,P009,Toys,32.61,1,619,4.27,37.17,168
2023-02-17,P010,Toys,53.19,0,696,4.49,52.24,123
2023-02-18,P001,Electronics,197.4,0,499,4.43,185.26,130
2023-02-18,P002,Electronics,361.76,0,500,4.74,333.48,122
2023-02-18,P003,Apparel,42.46,1,556,4.29,47.86,178
2023-02-18,P004,Apparel,74.52,0,595,4.4,70.61,111
2023-02-18,P005,Home Appliances,149.61,0,397,4.38,140.73,135
2023-02-18,P006,Home Appliances,256.18,0,304,4.56,238.28,130
2023-02-18,P007,Books,20.64,0,791,4.8,18.82,120
2023-02-18,P008,Books,28.88,0,794,4.7,29.83,125
2023-02-18,P009,Toys,39.86,0,698,4.29,38.99,137
2023-02-18,P010,Toys,53.92,0,682,4.48,52.56,140
2023-02-19,P001,Electronics,194.0,0,522,4.47,187.22,141
2023-02-19,P002,Electronics,359.49,0,494,4.77,346.32,123
2023-02-19,P003,Apparel,42.79,1,619,4.3,47.12,195
2023-02-19,P004,Apparel,76.42,0,560,4.25,72.77,104
2023-02-19,P005,Home Appliances,145.66,0,353,4.35,143.07,136
2023-02-19,P006,Home Appliances,262.21,0,353,4.67,241.44,149
2023-02-19,P007,Books,16.08,1,778,4.73,18.86,201
2023-02-19,P008,Books,31.01,0,742,4.62,29.51,135
2023-02-19,P009,Toys,34.86,1,635,4.23,37.22,131
2023-02-19,P010,Toys,57.71,0,750,4.53,52.04,130
2023-02-20,P001,Electronics,209.02,0,527,4.45,186.57,122
2023-02-20,P002,Electronics,358.3,0,466,4.6,342.04,142
2023-02-20,P003,Apparel,48.44,0,570,4.18,49.04,125
2023-02-20,P004,Apparel,71.4,0,566,4.3,73.02,110
2023-02-20,P005,Home Appliances,136.8,1,398,4.47,146.27,174
2023-02-20,P006,Home Appliances,247.02,0,359,4.69,243.8,139
2023-02-20,P007,Books,20.07,0,786,4.86,18.97,158
2023-02-20,P008,Books,30.67,0,739,4.75,28.84,131
2023-02-20,P009,Toys,39.52,0,629,4.25,38.86,135
2023-02-20,P010,Toys,54.38,0,731,4.5,52.69,147
2023-02-21,P001,Electronics,197.3,0,450,4.45,195.29,158
2023-02-21,P002,Electronics,359.31,0,412,4.75,337.14,143
2023-02-21,P003,Apparel,44.94,1,644,4.2,46.59,150
2023-02-21,P004,Apparel,75.62,0,579,4.27,71.95,120
2023-02-21,P005,Home Appliances,152.58,0,422,4.5,143.51,117
2023-02-21,P006,Home Appliances,251.78,0,328,4.65,240.4,141
2023-02-21,P007,Books,20.43,0,791,4.81,19.53,121
2023-02-21,P008,Books,29.11,0,745,4.68,29.43,147
2023-02-21,P009,Toys,40.45,0,641,4.29,38.4,108
2023-02-21,P010,Toys,54.75,0,703,4.48,51.45,101
2023-02-22,P001,Electronics,190.87,0,520,4.42,194.51,146
2023-02-22,P002,Electronics,286.94,1,415,4.69,333.77,159
2023-02-22,P003,Apparel,48.79,0,598,4.23,47.5,142
2023-02-22,P004,Apparel,72.45,0,591,4.34,70.16,112
2023-02-22,P005,Home Appliances,150.78,0,401,4.49,144.88,140
2023-02-22,P006,Home Appliances,260.09,0,371,4.59,237.21,150
2023-02-22,P007,Books,20.86,0,778,4.71,18.87,106
2023-02-22,P008,Books,28.65,0,715,4.69,28.34,124
2023-02-22,P009,Toys,38.46,0,651,4.31,38.31,151
2023-02-22,P010,Toys,49.61,1,733,4.41,52.56,181
2023-02-23,P001,Electronics,206.89,0,492,4.46,189.9,102
2023-02-23,P002,Electronics,343.97,0,448,4.67,335.24,121
2023-02-23,P003,Apparel,49.75,0,603,4.11,48.22,138
2023-02-23,P004,Apparel,77.63,0,538,4.24,72.58,108
2023-02-23,P005,Home Appliances,155.59,0,433,4.42,147.61,132
2023-02-23,P006,Home Appliances,210.88,1,345,4.69,243.29,201
2023-02-23,P007,Books,18.03,1,821,4.84,19.01,148
2023-02-23,P008,Books,26.76,1,713,4.77,29.5,223
2023-02-23,P009,Toys,40.19,0,661,4.39,37.68,107
2023-02-23,P010,Toys,57.4,0,727,4.46,51.72,142
2023-02-24,P001,Electronics,200.81,0,458,4.57,186.74,112
2023-02-24,P002,Electronics,363.59,0,437,4.6,341.33,134
2023-02-24,P003,Apparel,47.51,0,605,4.11,47.29,143
2023-02-24,P004,Apparel,72.58,0,504,4.21,73.56,115
2023-02-24,P005,Home Appliances,153.99,0,363,4.36,145.64,116
2023-02-24,P006,Home Appliances,257.9,0,301,4.61,243.47,138
2023-02-24,P007,Books,19.5,0,751,4.72,18.77,153
2023-02-24,P008,Books,29.57,0,781,4.72,28.42,162
2023-02-24,P009,Toys,34.71,1,620,4.22,37.73,154
2023-02-24,P010,Toys,45.67,1,730,4.6,54.21,211
2023-02-25,P001,Electronics,196.63,0,508,4.52,187.05,123
2023-02-25,P002,Electronics,340.82,0,492,4.65,329.93,142
2023-02-25,P003,Apparel,40.42,1,596,4.26,49.3,151
2023-02-25,P004,Apparel,76.52,0,591,4.24,70.82,111
2023-02-25,P005,Home Appliances,149.98,0,359,4.33,144.56,129
2023-02-25,P006,Home Appliances,243.98,0,319,4.55,241.03,131
2023-02-25,P007,Books,17.34,1,833,4.76,19.38,185
2023-02-25,P008,Books,28.85,0,704,4.67,28.93,121
2023-02-25,P009,Toys,41.86,0,638,4.28,38.36,117
2023-02-25,P010,Toys,56.89,0,691,4.46,54.36,148
2023-02-26,P001,Electronics,208.81,0,480,4.45,187.36,101
2023-02-26,P002,Electronics,351.41,0,456,4.74,347.09,145
2023-02-26,P003,Apparel,40.33,1,583,4.15,49.05,213
2023-02-26,P004,Apparel,71.89,0,501,4.35,73.75,155
2023-02-26,P005,Home Appliances,152.73,0,440,4.37,147.46,102
2023-02-26,P006,Home Appliances,259.52,0,394,4.58,233.05,127
2023-02-26,P007,Books,19.58,0,837,4.85,18.85,119
2023-02-26,P008,Books,29.81,0,772,4.66,29.23,154
2023-02-26,P009,Toys,41.3,0,696,4.26,37.0,103
2023-02-26,P010,Toys,55.82,0,682,4.53,52.25,114
2023-02-27,P001,Electronics,174.82,1,509,4.58,184.38,196
2023-02-27,P002,Electronics,362.64,0,471,4.79,332.24,134
2023-02-27,P003,Apparel,50.36,0,609,4.3,48.04,124
2023-02-27,P004,Apparel,61.36,1,534,4.37,70.57,209
2023-02-27,P005,Home Appliances,145.43,0,388,4.32,141.18,105
2023-02-27,P006,Home Appliances,245.36,0,339,4.55,233.6,142
2023-02-27,P007,Books,16.34,1,775,4.84,19.44,225
2023-02-27,P008,Books,25.21,1,782,4.77,28.2,192
2023-02-27,P009,Toys,34.8,1,654,4.34,38.02,190
2023-02-27,P010,Toys,53.46,0,749,4.46,53.0,155
2023-02-28,P001,Electronics,205.13,0,513,4.48,190.48,143
2023-02-28,P002,Electronics,321.26,1,403,4.72,336.98,162
2023-02-28,P003,Apparel,38.66,1,599,4.14,47.06,158
2023-02-28,P004,Apparel,71.37,0,531,4.29,73.27,114
2023-02-28,P005,Home Appliances,122.52,1,351,4.44,143.6,165
2023-02-28,P006,Home Appliances,244.44,0,391,4.69,241.16,158
2023-02-28,P007,Books,20.77,0,804,4.73,18.82,138
2023-02-28,P008,Books,29.41,0,728,4.7,28.42,141
2023-02-28,P009,Toys,39.23,0,633,4.39,36.93,122
2023-02-28,P010,Toys,48.89,1,686,4.58,52.76,189
2023-03-01,P001,Electronics,208.54,0,541,4.58,191.41,116
2023-03-01,P002,Electronics,361.02,0,402,4.71,332.15,109
2023-03-01,P003,Apparel,49.35,0,550,4.22,47.48,105
2023-03-01,P004,Apparel,72.08,0,513,4.25,69.97,123
2023-03-01,P005,Home Appliances,140.18,1,376,4.46,148.01,183
2023-03-01,P006,Home Appliances,202.06,1,369,4.66,237.3,231
2023-03-01,P007,Books,17.98,1,771,4.76,18.7,157
2023-03-01,P008,Books,26.03,1,720,4.67,28.87,178
2023-03-01,P009,Toys,35.42,1,651,4.23,38.24,163
2023-03-01,P010,Toys,46.72,1,671,4.59,52.56,187
2023-03-02,P001,Electronics,203.35,0,454,4.49,193.8,144
2023-03-02,P002,Electronics,351.52,0,432,4.71,342.98,113
2023-03-02,P003,Apparel,48.81,0,579,4.27,47.27,144
2023-03-02,P004,Apparel,75.02,0,593,4.25,72.96,103
2023-03-02,P005,Home Appliances,143.85,0,424,4.4,149.28,159
2023-03-02,P006,Home Appliances,194.89,1,337,4.68,240.6,179
2023-03-02,P007,Books,17.4,1,756,4.82,19.1,204
2023-03-02,P008,Books,31.19,0,796,4.63,28.69,141
2023-03-02,P009,Toys,38.97,0,657,4.25,38.57,144
2023-03-02,P010,Toys,55.19,0,730,4.57,53.45,143
2023-03-03,P001,Electronics,207.46,0,511,4.47,189.0,105
2023-03-03,P002,Electronics,343.8,0,474,4.71,345.64,162
2023-03-03,P003,Apparel,50.02,0,641,4.22,47.97,137
2023-03-03,P004,Apparel,78.4,0,524,4.28,73.0,107
2023-03-03,P005,Home Appliances,143.61,0,439,4.38,147.17,122
2023-03-03,P006,Home Appliances,220.69,1,304,4.51,241.73,206
2023-03-03,P007,Books,19.02,0,756,4.75,18.66,140
2023-03-03,P008,Books,30.78,0,748,4.65,28.76,140
2023-03-03,P009,Toys,40.73,0,676,4.23,37.78,104
2023-03-03,P010,Toys,54.25,0,698,4.53,53.44,129
2023-03-04,P001,Electronics,202.26,0,495,4.47,188.44,121
2023-03-04,P002,Electronics,356.66,0,496,4.7,340.45,145
2023-03-04,P003,Apparel,51.86,0,642,4.16,48.14,128
2023-03-04,P004,Apparel,63.98,1,578,4.4,71.18,154
2023-03-04,P005,Home Appliances,142.98,0,366,4.43,144.2,114
2023-03-04,P006,Home Appliances,252.91,0,332,4.62,234.27,127
2023-03-04,P007,Books,19.61,0,772,4.73,19.46,153
2023-03-04,P008,Books,29.32,0,783,4.69,29.7,162
2023-03-04,P009,Toys,38.71,0,649,4.38,37.71,128
2023-03-04,P010,Toys,54.0,0,691,4.44,51.95,147
2023-03-05,P001,Electronics,204.09,0,459,4.55,188.79,104
2023-03-05,P002,Electronics,358.24,0,409,4.77,349.38,153
2023-03-05,P003,Apparel,47.51,0,553,4.11,48.54,108
2023-03-05,P004,Apparel,73.88,0,504,4.39,72.77,142
2023-03-05,P005,Home Appliances,138.15,1,422,4.31,144.19,135
2023-03-05,P006,Home Appliances,261.65,0,348,4.57,234.27,109
2023-03-05,P007,Books,20.73,0,773,4.88,19.22,129
2023-03-05,P008,Books,31.48,0,735,4.75,29.13,131
2023-03-05,P009,Toys,38.09,0,627,4.31,38.99,128
2023-03-05,P010,Toys,52.34,0,660,4.41,53.21,108
2023-03-06,P001,Electronics,161.85,1,509,4.52,189.32,181
2023-03-06,P002,Electronics,336.41,0,499,4.7,339.77,152
2023-03-06,P003,Apparel,51.32,0,600,4.2,47.96,116
2023-03-06,P004,Apparel,64.26,1,572,4.25,71.62,173
2023-03-06,P005,Home Appliances,132.76,1,429,4.36,144.57,204
2023-03-06,P006,Home Appliances,247.93,0,365,4.62,243.63,151
2023-03-06,P007,Books,16.84,1,755,4.86,18.59,228
2023-03-06,P008,Books,25.4,1,786,4.69,29.2,173
2023-03-06,P009,Toys,39.48,0,659,4.22,38.22,128
2023-03-06,P010,Toys,50.8,1,745,4.56,51.94,183
2023-03-07,P001,Electronics,191.26,0,472,4.4,187.43,136
2023-03-07,P002,Electronics,317.0,1,492,4.69,336.82,195
2023-03-07,P003,Apparel,48.53,0,561,4.17,47.49,122
2023-03-07,P004,Apparel,78.29,0,526,4.23,73.34,116
2023-03-07,P005,Home Appliances,143.95,0,427,4.44,145.49,116
2023-03-07,P006,Home Appliances,241.28,0,326,4.58,245.01,157
2023-03-07,P007,Books,20.23,0,760,4.77,18.47,111
2023-03-07,P008,Books,23.94,1,766,4.63,28.15,171
2023-03-07,P009,Toys,41.01,0,614,4.25,37.42,128
2023-03-07,P010,Toys,53.23,0,735,4.42,53.8,133
2023-03-08,P001,Electronics,178.72,1,531,4.53,185.68,165
2023-03-08,P002,Electronics,356.84,0,497,4.65,332.37,114
2023-03-08,P003,Apparel,50.98,0,647,4.25,49.26,132
2023-03-08,P004,Apparel,73.64,0,571,4.26,71.89,118
2023-03-08,P005,Home Appliances,152.22,0,434,4.35,141.82,98
2023-03-08,P006,Home Appliances,240.15,0,312,4.62,246.47,165
2023-03-08,P007,Books,19.17,0,842,4.74,18.78,142
2023-03-08,P008,Books,30.77,0,718,4.67,29.09,140
2023-03-08,P009,Toys,35.66,1,625,4.37,38.51,177
2023-03-08,P010,Toys,56.15,0,674,4.49,53.94,146
2023-03-09,P001,Electronics,177.67,1,492,4.43,188.8,179
2023-03-09,P002,Electronics,340.4,0,402,4.69,342.4,136
2023-03-09,P003,Apparel,42.48,1,591,4.23,47.15,185
2023-03-09,P004,Apparel,71.94,0,510,4.21,70.15,111
2023-03-09,P005,Home Appliances,140.67,1,363,4.43,140.68,144
2023-03-09,P006,Home Appliances,203.43,1,360,4.63,235.25,159
2023-03-09,P007,Books,20.44,0,791,4.86,18.99,123
2023-03-09,P008,Books,28.81,0,731,4.77,28.32,157
2023-03-09,P009,Toys,34.81,1,651,4.39,38.69,208
2023-03-09,P010,Toys,57.14,0,705,4.58,53.62,127
2023-03-10,P001,Electronics,202.22,0,528,4.46,192.3,146
2023-03-10,P002,Electronics,291.7,1,441,4.65,347.25,196
2023-03-10,P003,Apparel,40.15,1,551,4.24,47.11,192
2023-03-10,P004,Apparel,67.32,1,523,4.25,71.74,195
2023-03-10,P005,Home Appliances,144.46,0,362,4.32,144.07,130
2023-03-10,P006,Home Appliances,253.96,0,374,4.59,238.38,111
2023-03-10,P007,Books,19.99,0,809,4.78,19.56,132
2023-03-10,P008,Books,24.75,1,784,4.66,29.03,200
2023-03-10,P009,Toys,39.99,0,700,4.27,37.6,98
2023-03-10,P010,Toys,49.78,1,690,4.44,53.06,156
2023-03-11,P001,Electronics,171.71,1,454,4.51,188.94,182
2023-03-11,P002,Electronics,337.3,0,483,4.72,343.97,166
2023-03-11,P003,Apparel,42.75,1,569,4.24,46.78,176
2023-03-11,P004,Apparel,75.27,0,562,4.35,71.13,107
2023-03-11,P005,Home Appliances,126.81,1,447,4.36,149.03,149
2023-03-11,P006,Home Appliances,243.71,0,318,4.61,233.3,108
2023-03-11,P007,Books,20.79,0,766,4.72,18.84,138
2023-03-11,P008,Books,27.53,1,776,4.71,29.47,184
2023-03-11,P009,Toys,38.98,0,661,4.24,38.92,137
2023-03-11,P010,Toys,49.89,1,653,4.47,52.35,169
2023-03-12,P001,Electronics,159.58,1,503,4.51,190.45,191
2023-03-12,P002,Electronics,291.97,1,408,4.64,338.25,197
2023-03-12,P003,Apparel,50.09,0,607,4.25,48.85,134
2023-03-12,P004,Apparel,75.61,0,507,4.29,74.03,106
2023-03-12,P005,Home Appliances,131.48,1,437,4.35,146.82,171
2023-03-12,P006,Home Appliances,246.35,0,300,4.58,234.55,125
2023-03-12,P007,Books,19.17,0,774,4.77,18.79,158
2023-03-12,P008,Books,24.86,1,745,4.74,28.27,174
2023-03-12,P009,Toys,38.67,0,657,4.33,37.03,128
2023-03-12,P010,Toys,55.97,0,657,4.43,54.01,107
2023-03-13,P001,Electronics,190.2,0,518,4.5,184.92,155
2023-03-13,P002,Electronics,342.75,0,499,4.65,348.64,170
2023-03-13,P003,Apparel,46.55,1,601,4.28,49.26,194
2023-03-13,P004,Apparel,71.93,0,540,4.3,71.59,141
2023-03-13,P005,Home Appliances,153.46,0,361,4.3,148.46,129
2023-03-13,P006,Home Appliances,241.12,0,317,4.67,241.72,116
2023-03-13,P007,Books,20.95,0,817,4.75,19.51,145
2023-03-13,P008,Books,29.06,0,704,4.69,29.18,158
2023-03-13,P009,Toys,38.85,0,659,4.32,37.02,130
2023-03-13,P010,Toys,49.2,1,699,4.57,51.51,199
2023-03-14,P001,Electronics,178.16,1,534,4.48,187.22,181
2023-03-14,P002,Electronics,344.57,0,461,4.76,332.73,149
2023-03-14,P003,Apparel,40.47,1,646,4.25,49.21,191
2023-03-14,P004,Apparel,76.29,0,563,4.22,73.6,142
2023-03-14,P005,Home Appliances,150.17,0,417,4.36,147.65,111
2023-03-14,P006,Home Appliances,224.45,1,311,4.51,241.14,151
2023-03-14,P007,Books,19.09,0,834,4.87,18.71,168
2023-03-14,P008,Books,24.34,1,716,4.72,29.57,192
2023-03-14,P009,Toys,32.27,1,665,4.36,37.82,178
2023-03-14,P010,Toys,46.73,1,694,4.53,51.43,154
2023-03-15,P001,Electronics,191.78,0,545,4.56,195.19,122
2023-03-15,P002,Electronics,348.99,0,419,4.79,340.18,139
2023-03-15,P003,Apparel,50.65,0,633,4.24,46.67,116
2023-03-15,P004,Apparel,76.41,0,598,4.32,69.86,134
2023-03-15,P005,Home Appliances,157.05,0,398,4.45,148.45,135
2023-03-15,P006,Home Appliances,217.6,1,385,4.64,240.94,209
2023-03-15,P007,Books,18.02,1,761,4.77,19.28,220
2023-03-15,P008,Books,31.0,0,779,4.7,29.65,125
2023-03-15,P009,Toys,35.49,1,682,4.36,37.03,140
2023-03-15,P010,Toys,56.08,0,688,4.42,52.42,126
2023-03-16,P001,Electronics,205.64,0,514,4.6,191.03,139
2023-03-16,P002,Electronics,284.18,1,431,4.76,340.5,187
2023-03-16,P003,Apparel,48.31,0,600,4.19,47.86,131
2023-03-16,P004,Apparel,65.0,1,544,4.38,73.11,177
2023-03-16,P005,Home Appliances,153.66,0,373,4.43,141.45,124
2023-03-16,P006,Home Appliances,248.44,0,346,4.6,245.94,121
2023-03-16,P007,Books,20.24,0,805,4.79,18.63,117
2023-03-16,P008,Books,29.08,0,780,4.77,28.15,113
2023-03-16,P009,Toys,38.74,0,631,4.21,37.29,113
2023-03-16,P010,Toys,52.81,0,670,4.54,51.75,129
2023-03-17,P001,Electronics,163.84,1,513,4.48,191.13,210
2023-03-17,P002,Electronics,334.31,0,448,4.76,348.81,164
2023-03-17,P003,Apparel,45.21,1,641,4.16,49.37,176
2023-03-17,P004,Apparel,67.16,1,590,4.31,72.29,183
2023-03-17,P005,Home Appliances,146.22,0,450,4.49,144.93,148
2023-03-17,P006,Home Appliances,214.26,1,351,4.62,243.81,211
2023-03-17,P007,Books,18.59,1,826,4.78,19.39,159
2023-03-17,P008,Books,23.82,1,730,4.71,29.25,192
2023-03-17,P009,Toys,34.31,1,682,4.2,37.52,178
2023-03-17,P010,Toys,52.46,0,745,4.6,54.37,135
2023-03-18,P001,Electronics,192.43,0,459,4.59,190.23,161
2023-03-18,P002,Electronics,350.03,0,463,4.73,337.64,136
2023-03-18,P003,Apparel,40.04,1,586,4.2,47.1,182
2023-03-18,P004,Apparel,73.98,0,561,4.25,69.85,121
2023-03-18,P005,Home Appliances,131.43,1,419,4.45,142.45,181
2023-03-18,P006,Home Appliances,245.45,0,388,4.66,237.56,123
2023-03-18,P007,Books,20.96,0,817,4.74,18.96,132
2023-03-18,P008,Books,29.32,0,795,4.8,28.44,159
2023-03-18,P009,Toys,39.47,0,676,4.32,37.36,114
2023-03-18,P010,Toys,55.35,0,695,4.47,51.78,137
2023-03-19,P001,Electronics,202.34,0,457,4.51,184.98,130
2023-03-19,P002,Electronics,325.5,1,458,4.66,333.72,178
2023-03-19,P003,Apparel,52.23,0,650,4.28,47.28,115
2023-03-19,P004,Apparel,78.27,0,527,4.37,73.24,116
2023-03-19,P005,Home Appliances,118.2,1,357,4.49,148.69,193
2023-03-19,P006,Home Appliances,239.66,0,365,4.63,235.35,162
2023-03-19,P007,Books,18.02,1,781,4.86,18.55,192
2023-03-19,P008,Books,31.44,0,717,4.7,28.57,123
2023-03-19,P009,Toys,40.91,0,676,4.31,38.8,121
2023-03-19,P010,Toys,43.96,1,702,4.5,54.24,179
2023-03-20,P001,Electronics,195.61,0,505,4.59,191.94,149
2023-03-20,P002,Electronics,355.07,0,465,4.64,334.62,135
2023-03-20,P003,Apparel,38.93,1,563,4.25,46.68,152
2023-03-20,P004,Apparel,77.15,0,544,4.2,72.56,98
2023-03-20,P005,Home Appliances,127.42,1,394,4.32,141.12,149
2023-03-20,P006,Home Appliances,257.77,0,316,4.62,236.29,127
2023-03-20,P007,Books,20.82,0,751,4.76,19.04,125
2023-03-20,P008,Books,30.83,0,751,4.78,29.12,132
2023-03-20,P009,Toys,39.2,0,616,4.22,38.89,108
2023-03-20,P010,Toys,48.25,1,737,4.46,51.59,178
2023-03-21,P001,Electronics,201.14,0,499,4.53,194.94,154
2023-03-21,P002,Electronics,343.98,0,424,4.75,334.66,136
2023-03-21,P003,Apparel,43.18,1,572,4.18,48.32,151
2023-03-21,P004,Apparel,71.88,0,541,4.32,71.15,135
2023-03-21,P005,Home Appliances,123.65,1,388,4.38,147.24,171
2023-03-21,P006,Home Appliances,227.67,1,398,4.67,246.97,205
2023-03-21,P007,Books,17.4,1,785,4.77,19.02,174
2023-03-21,P008,Books,27.18,1,704,4.63,29.58,195
2023-03-21,P009,Toys,38.23,0,680,4.33,38.94,118
2023-03-21,P010,Toys,41.88,1,654,4.54,53.25,208
2023-03-22,P001,Electronics,195.92,0,459,4.46,191.26,125
2023-03-22,P002,Electronics,294.24,1,493,4.66,349.07,184
2023-03-22,P003,Apparel,48.22,0,550,4.18,47.78,119
2023-03-22,P004,Apparel,66.96,1,522,4.26,70.47,144
2023-03-22,P005,Home Appliances,137.43,1,433,4.48,143.26,157
2023-03-22,P006,Home Appliances,248.73,0,348,4.6,239.95,142
2023-03-22,P007,Books,19.85,0,774,4.76,18.96,136
2023-03-22,P008,Books,31.18,0,740,4.74,29.37,136
2023-03-22,P009,Toys,39.16,0,608,4.3,37.14,134
2023-03-22,P010,Toys,55.87,0,685,4.49,53.79,117
2023-03-23,P001,Electronics,201.46,0,508,4.47,190.38,108
2023-03-23,P002,Electronics,346.24,0,409,4.72,344.82,150
2023-03-23,P003,Apparel,47.77,0,567,4.22,47.09,102
2023-03-23,P004,Apparel,59.61,1,595,4.28,71.09,164
2023-03-23,P005,Home Appliances,135.88,1,399,4.48,145.81,180
2023-03-23,P006,Home Appliances,250.86,0,379,4.66,234.68,134
2023-03-23,P007,Books,19.56,0,794,4.78,19.14,122
2023-03-23,P008,Books,30.98,0,764,4.66,28.96,133
2023-03-23,P009,Toys,38.15,0,641,4.28,38.65,135
2023-03-23,P010,Toys,57.73,0,741,4.44,54.55,102
2023-03-24,P001,Electronics,193.45,0,518,4.41,195.32,158
2023-03-24,P002,Electronics,344.02,0,431,4.69,340.17,137
2023-03-24,P003,Apparel,43.28,1,620,4.17,47.72,169
2023-03-24,P004,Apparel,63.98,1,522,4.38,70.44,202
2023-03-24,P005,Home Appliances,127.02,1,355,4.34,147.48,149
2023-03-24,P006,Home Appliances,247.67,0,327,4.57,240.26,156
2023-03-24,P007,Books,19.26,0,753,4.78,19.47,171
2023-03-24,P008,Books,31.16,0,704,4.63,29.34,152
2023-03-24,P009,Toys,38.83,0,675,4.38,37.04,101
2023-03-24,P010,Toys,56.47,0,738,4.54,53.75,123
2023-03-25,P001,Electronics,170.38,1,470,4.45,188.65,147
2023-03-25,P002,Electronics,301.32,1,448,4.73,348.28,190
2023-03-25,P003,Apparel,50.63,0,600,4.3,48.99,132
2023-03-25,P004,Apparel,62.43,1,566,4.21,72.98,184
2023-03-25,P005,Home Appliances,144.9,0,427,4.45,148.02,159
2023-03-25,P006,Home Appliances,253.9,0,349,4.58,246.67,150
2023-03-25,P007,Books,20.46,0,783,4.79,19.0,152
2023-03-25,P008,Books,26.93,1,736,4.6,28.8,142
2023-03-25,P009,Toys,41.33,0,631,4.24,37.94,99
2023-03-25,P010,Toys,47.49,1,682,4.45,52.01,206
2023-03-26,P001,Electronics,207.59,0,541,4.44,190.15,123
2023-03-26,P002,Electronics,300.23,1,480,4.75,346.99,208
2023-03-26,P003,Apparel,48.32,0,611,4.26,49.3,115
2023-03-26,P004,Apparel,74.95,0,531,4.35,72.86,145
2023-03-26,P005,Home Appliances,122.78,1,358,4.41,145.53,185
2023-03-26,P006,Home Appliances,202.05,1,372,4.65,241.82,195
2023-03-26,P007,Books,20.84,0,823,4.74,19.51,120
2023-03-26,P008,Books,29.51,0,702,4.63,28.81,127
2023-03-26,P009,Toys,39.23,0,616,4.26,38.65,110
2023-03-26,P010,Toys,55.24,0,747,4.49,54.5,141
2023-03-27,P001,Electronics,169.24,1,535,4.58,190.83,207
2023-03-27,P002,Electronics,295.11,1,450,4.68,349.7,214
2023-03-27,P003,Apparel,51.84,0,633,4.16,47.14,97
2023-03-27,P004,Apparel,74.82,0,599,4.4,72.22,148
2023-03-27,P005,Home Appliances,152.92,0,363,4.36,142.43,120
2023-03-27,P006,Home Appliances,249.36,0,302,4.65,244.63,161
2023-03-27,P007,Books,20.77,0,816,4.88,19.25,118
2023-03-27,P008,Books,28.5,0,784,4.73,29.51,160
2023-03-27,P009,Toys,40.33,0,601,4.24,37.64,125
2023-03-27,P010,Toys,49.17,1,653,4.59,53.72,150
2023-03-28,P001,Electronics,191.35,0,461,4.47,193.52,112
2023-03-28,P002,Electronics,287.85,1,460,4.6,333.47,205
2023-03-28,P003,Apparel,51.58,0,649,4.3,46.67,104
2023-03-28,P004,Apparel,75.45,0,589,4.34,71.12,116
2023-03-28,P005,Home Appliances,147.38,0,381,4.47,142.19,140
2023-03-28,P006,Home Appliances,254.7,0,310,4.53,238.68,117
2023-03-28,P007,Books,19.48,0,760,4.71,19.18,165
2023-03-28,P008,Books,30.79,0,744,4.66,28.45,141
2023-03-28,P009,Toys,40.68,0,684,4.34,39.12,122
2023-03-28,P010,Toys,54.07,0,734,4.6,52.75,133
2023-03-29,P001,Electronics,197.97,0,480,4.59,191.36,139
2023-03-29,P002,Electronics,354.45,0,415,4.73,339.1,141
2023-03-29,P003,Apparel,52.33,0,608,4.1,48.73,95
2023-03-29,P004,Apparel,67.48,1,561,4.26,72.59,176
2023-03-29,P005,Home Appliances,124.66,1,407,4.41,145.16,182
2023-03-29,P006,Home Appliances,208.5,1,355,4.52,238.68,161
2023-03-29,P007,Books,16.49,1,779,4.83,19.36,227
2023-03-29,P008,Books,25.73,1,701,4.75,29.51,170
2023-03-29,P009,Toys,39.68,0,661,4.22,37.17,95
2023-03-29,P010,Toys,44.67,1,698,4.5,53.99,166
2023-03-30,P001,Electronics,192.72,0,463,4.42,190.49,144
2023-03-30,P002,Electronics,339.34,0,458,4.8,346.38,133
2023-03-30,P003,Apparel,51.4,0,590,4.24,48.68,115
2023-03-30,P004,Apparel,58.23,1,567,4.35,72.99,198
2023-03-30,P005,Home Appliances,131.31,1,429,4.44,142.39,171
2023-03-30,P006,Home Appliances,205.74,1,312,4.66,244.99,202
2023-03-30,P007,Books,20.36,0,822,4.82,19.36,111
2023-03-30,P008,Books,29.49,0,754,4.7,29.62,130
2023-03-30,P009,Toys,39.68,0,679,4.25,38.44,106
2023-03-30,P010,Toys,57.45,0,702,4.47,53.14,138
2023-03-31,P001,Electronics,199.44,0,482,4.55,192.36,112
2023-03-31,P002,Electronics,269.51,1,449,4.64,345.14,197
2023-03-31,P003,Apparel,52.16,0,582,4.25,47.59,94
2023-03-31,P004,Apparel,71.75,0,535,4.33,73.18,139
2023-03-31,P005,Home Appliances,122.02,1,401,4.48,144.09,178
2023-03-31,P006,Home Appliances,203.87,1,365,4.56,233.81,212
2023-03-31,P007,Books,17.84,1,789,4.72,19.32,218
2023-03-31,P008,Books,31.18,0,783,4.65,28.8,147
2023-03-31,P009,Toys,40.82,0,675,4.28,37.97,134
2023-03-31,P010,Toys,46.73,1,697,4.54,52.62,162
2023-04-01,P001,Electronics,168.66,1,538,4.4,192.78,211
2023-04-01,P002,Electronics,367.47,0,465,4.71,333.45,140
2023-04-01,P003,Apparel,44.3,1,608,4.28,47.67,153
2023-04-01,P004,Apparel,65.44,1,509,4.21,71.94,161
2023-04-01,P005,Home Appliances,153.7,0,429,4.5,140.69,133
2023-04-01,P006,Home Appliances,245.5,0,329,4.67,243.86,118
2023-04-01,P007,Books,19.15,0,850,4.87,18.46,140
2023-04-01,P008,Books,28.7,0,763,4.76,29.48,144
2023-04-01,P009,Toys,40.99,0,625,4.22,36.92,95
2023-04-01,P010,Toys,56.3,0,694,4.55,52.15,113
2023-04-02,P001,Electronics,192.58,0,458,4.56,184.9,107
2023-04-02,P002,Electronics,342.03,0,412,4.73,338.57,134
2023-04-02,P003,Apparel,49.5,0,624,4.29,46.89,140
2023-04-02,P004,Apparel,74.89,0,530,4.3,72.01,136
2023-04-02,P005,Home Appliances,157.01,0,376,4.45,140.68,126
2023-04-02,P006,Home Appliances,255.45,0,319,4.59,240.76,144
2023-04-02,P007,Books,19.72,0,837,4.74,18.55,150
2023-04-02,P008,Books,29.6,0,759,4.65,29.74,138
2023-04-02,P009,Toys,33.69,1,645,4.27,38.91,174
2023-04-02,P010,Toys,57.34,0,675,4.6,52.3,117
2023-04-03,P001,Electronics,197.88,0,479,4.52,192.77,153
2023-04-03,P002,Electronics,283.62,1,463,4.68,337.78,187
2023-04-03,P003,Apparel,47.88,0,580,4.23,49.04,130
2023-04-03,P004,Apparel,75.14,0,517,4.39,73.51,113
2023-04-03,P005,Home Appliances,156.91,0,398,4.45,143.94,133
2023-04-03,P006,Home Appliances,240.36,0,352,4.53,236.53,122
2023-04-03,P007,Books,17.77,1,790,4.74,19.28,148
2023-04-03,P008,Books,29.5,0,798,4.77,29.27,151
2023-04-03,P009,Toys,40.02,0,614,4.29,38.19,131
2023-04-03,P010,Toys,53.53,0,663,4.57,51.69,117
2023-04-04,P001,Electronics,200.36,0,484,4.6,185.89,143
2023-04-04,P002,Electronics,346.84,0,400,4.75,332.83,156
2023-04-04,P003,Apparel,52.27,0,553,4.1,48.73,103
2023-04-04,P004,Apparel,73.38,0,568,4.26,74.15,134
2023-04-04,P005,Home Appliances,146.36,0,369,4.39,141.67,130
2023-04-04,P006,Home Appliances,222.82,1,355,4.53,237.09,140
2023-04-04,P007,Books,16.85,1,798,4.73,18.92,225
2023-04-04,P008,Books,29.91,0,781,4.78,29.28,146
2023-04-04,P009,Toys,36.0,1,606,4.21,38.11,139
2023-04-04,P010,Toys,55.06,0,744,4.6,52.01,150
2023-04-05,P001,Electronics,169.46,1,474,4.45,189.55,206
2023-04-05,P002,Electronics,366.47,0,412,4.71,331.6,128
2023-04-05,P003,Apparel,50.97,0,595,4.15,46.93,130
2023-04-05,P004,Apparel,63.78,1,535,4.23,71.85,197
2023-04-05,P005,Home Appliances,126.99,1,448,4.44,141.84,210
2023-04-05,P006,Home Appliances,241.44,0,321,4.52,234.09,116
2023-04-05,P007,Books,18.65,1,760,4.77,19.24,204
2023-04-05,P008,Books,29.1,0,733,4.68,29.76,123
2023-04-05,P009,Toys,38.81,0,671,4.21,38.56,143
2023-04-05,P010,Toys,56.78,0,748,4.55,52.45,130
2023-04-06,P001,Electronics,191.01,0,511,4.53,187.76,116
2023-04-06,P002,Electronics,351.71,0,430,4.8,349.04,146
2023-04-06,P003,Apparel,49.59,0,617,4.17,46.89,120
2023-04-06,P004,Apparel,74.96,0,600,4.29,70.2,110
2023-04-06,P005,Home Appliances,155.69,0,420,4.48,145.66,110
2023-04-06,P006,Home Appliances,249.54,0,326,4.57,234.07,154
2023-04-06,P007,Books,15.97,1,757,4.83,18.72,203
2023-04-06,P008,Books,31.0,0,726,4.67,28.6,110
2023-04-06,P009,Toys,41.89,0,606,4.21,37.43,123
2023-04-06,P010,Toys,57.73,0,704,4.47,51.49,131
2023-04-07,P001,Electronics,207.81,0,526,4.6,188.58,131
2023-04-07,P002,Electronics,341.42,0,405,4.61,332.39,153
2023-04-07,P003,Apparel,52.36,0,610,4.22,48.75,138
2023-04-07,P004,Apparel,64.17,1,578,4.21,72.79,173
2023-04-07,P005,Home Appliances,156.34,0,372,4.36,147.52,121
2023-04-07,P006,Home Appliances,260.71,0,330,4.62,236.43,107
2023-04-07,P007,Books,20.28,0,777,4.74,18.48,110
2023-04-07,P008,Books,29.84,0,727,4.76,28.47,138
2023-04-07,P009,Toys,38.39,0,628,4.26,38.55,127
2023-04-07,P010,Toys,53.02,0,650,4.5,53.74,127
2023-04-08,P001,Electronics,191.51,0,537,4.5,192.87,120
2023-04-08,P002,Electronics,363.66,0,439,4.7,340.1,117
2023-04-08,P003,Apparel,41.12,1,588,4.27,47.47,158
2023-04-08,P004,Apparel,73.76,0,575,4.23,69.97,128
2023-04-08,P005,Home Appliances,124.66,1,380,4.3,148.13,218
2023-04-08,P006,Home Appliances,205.32,1,345,4.63,239.68,194
2023-04-08,P007,Books,16.95,1,756,4.82,18.8,181
2023-04-08,P008,Books,25.17,1,703,4.73,29.57,171
2023-04-08,P009,Toys,38.78,0,675,4.29,37.34,113
2023-04-08,P010,Toys,57.41,0,678,4.48,53.94,119
2023-04-09,P001,Electronics,184.39,1,530,4.4,188.29,184
2023-04-09,P002,Electronics,353.97,0,434,4.6,343.16,129
2023-04-09,P003,Apparel,52.21,0,558,4.28,48.99,113
2023-04-09,P004,Apparel,76.02,0,504,4.23,70.19,118
2023-04-09,P005,Home Appliances,148.13,0,383,4.38,146.87,119
2023-04-09,P006,Home Appliances,260.8,0,398,4.68,242.58,136
2023-04-09,P007,Books,19.79,0,797,4.79,18.69,117
2023-04-09,P008,Books,30.92,0,757,4.65,29.57,142
2023-04-09,P009,Toys,33.39,1,668,4.38,38.04,214
2023-04-09,P010,Toys,56.52,0,722,4.55,53.43,124
2023-04-10,P001,Electronics,196.03,0,525,4.49,186.19,118
2023-04-10,P002,Electronics,359.1,0,470,4.68,342.85,149
2023-04-10,P003,Apparel,50.74,0,578,4.19,46.98,133
2023-04-10,P004,Apparel,75.86,0,500,4.37,73.36,124
2023-04-10,P005,Home Appliances,130.02,1,370,4.34,145.68,162
2023-04-10,P006,Home Appliances,253.74,0,327,4.58,246.59,135
2023-04-10,P007,Books,20.65,0,782,4.74,18.44,108
2023-04-10,P008,Books,29.03,0,730,4.76,28.66,118
2023-04-10,P009,Toys,32.82,1,647,4.4,38.91,189
2023-04-10,P010,Toys,55.27,0,675,4.51,53.78,106
